run,n,p50,p95,p99
long-run (new),77,2.2858400000000003,9.006440000000003,14.026462399999993
short-run (old),40,1.00454,5.4077999999999955,7.028716800000001
